"","Alabama_L_prob","Alabama_U_prob","Alabama_I_prob","Arizona_L_prob","Arizona_U_prob","Arizona_I_prob","Arkansas_L_prob","Arkansas_U_prob","Arkansas_I_prob","California_L_prob","California_U_prob","California_I_prob","Colorado_L_prob","Colorado_U_prob","Colorado_I_prob","Connecticut_L_prob","Connecticut_U_prob","Connecticut_I_prob","Delaware_L_prob","Delaware_U_prob","Delaware_I_prob","District of Columbia_L_prob","District of Columbia_U_prob","District of Columbia_I_prob","Florida_L_prob","Florida_U_prob","Florida_I_prob","Georgia_L_prob","Georgia_U_prob","Georgia_I_prob","Idaho_L_prob","Idaho_U_prob","Idaho_I_prob","Illinois_L_prob","Illinois_U_prob","Illinois_I_prob","Indiana_L_prob","Indiana_U_prob","Indiana_I_prob","Iowa_L_prob","Iowa_U_prob","Iowa_I_prob","Kansas_L_prob","Kansas_U_prob","Kansas_I_prob","Kentucky_L_prob","Kentucky_U_prob","Kentucky_I_prob","Louisiana_L_prob","Louisiana_U_prob","Louisiana_I_prob","Maryland_L_prob","Maryland_U_prob","Maryland_I_prob","Massachusetts_L_prob","Massachusetts_U_prob","Massachusetts_I_prob","Michigan_L_prob","Michigan_U_prob","Michigan_I_prob","Minnesota_L_prob","Minnesota_U_prob","Minnesota_I_prob","Mississippi_L_prob","Mississippi_U_prob","Mississippi_I_prob","Nevada_L_prob","Nevada_U_prob","Nevada_I_prob","New Hampshire_L_prob","New Hampshire_U_prob","New Hampshire_I_prob","New Jersey_L_prob","New Jersey_U_prob","New Jersey_I_prob","New Mexico_L_prob","New Mexico_U_prob","New Mexico_I_prob","New York_L_prob","New York_U_prob","New York_I_prob","North Carolina_L_prob","North Carolina_U_prob","North Carolina_I_prob","Ohio_L_prob","Ohio_U_prob","Ohio_I_prob","Oklahoma_L_prob","Oklahoma_U_prob","Oklahoma_I_prob","Oregon_L_prob","Oregon_U_prob","Oregon_I_prob","Pennsylvania_L_prob","Pennsylvania_U_prob","Pennsylvania_I_prob","Rhode Island_L_prob","Rhode Island_U_prob","Rhode Island_I_prob","South Carolina_L_prob","South Carolina_U_prob","South Carolina_I_prob","Texas_L_prob","Texas_U_prob","Texas_I_prob","Utah_L_prob","Utah_U_prob","Utah_I_prob","Virginia_L_prob","Virginia_U_prob","Virginia_I_prob","Washington_L_prob","Washington_U_prob","Washington_I_prob","Wisconsin_L_prob","Wisconsin_U_prob","Wisconsin_I_prob"
"1",0.938875452719899,0.0540258123460408,0.00709873493405977,0.921070530220491,0.0744056201736823,0.00452384960582685,0.938875452719899,0.058079499576939,0.00304504770316157,0.890863403959079,0.102712528125214,0.00642406791570627,0.921070530220491,0.0630512985346204,0.0158781712448887,0.921070530220491,0.0310277041761935,0.0479017656033156,0.921070530220491,0.0653902760907609,0.0135391936887482,0.922716007749653,0.0484502427181071,0.0288337495322398,0.94619744955455,0.043832204177784,0.0099703462676656,0.921070530220491,0.0618600493134937,0.0170694204660154,0.938875452719899,0.048802301422565,0.0123222458575355,0.93089703786325,0.0487560772130356,0.0203468849237141,0.938875452719899,0.0454639522780466,0.0156605950020539,0.938875452719899,0.056354306676006,0.00477024060409457,0.921070530220491,0.0741761279072842,0.00475334187222494,0.921070530220491,0.0788211522079828,0.000108317571526327,0.921070530220491,-0.00317492739740746,0.0821043971769166,0.941789963496269,0.0455260553976608,0.0126839811060699,0.890496422550824,0.068453718418296,0.0410498590308798,0.866807670669847,0.102314993409768,0.0308773359203849,0.921070530220491,0.0769382019133335,0.00199126786617558,0.938875452719899,0.0610542980896346,7.02491904658844e-05,0.921070530220491,0.0686520216919817,0.0102774480875274,0.921070530220491,0.0712245403049913,0.00770492947451784,0.921070530220491,-0.0585424306197014,0.137471900399211,0.921070530220491,0.0749623464937856,0.00396712328572353,0.867860679793287,-0.0124345106160105,0.144573830822724,0.921070530220491,0.0751891630540772,0.00374030672543187,0.921070530220491,0.0728468871451849,0.00608258263432423,0.938875452719899,0.0511417188017868,0.00998282847831377,0.921070530220491,0.0762680622382632,0.00266140754124594,0.88901983250363,0.0887263148667069,0.0222538526296634,0.921070530220491,0.0516067347520954,0.0273227350274137,0.921070530220491,0.0721662569025555,0.00676321287695359,0.938200991211454,0.0575769118567878,0.00422209693175868,0.938875452719899,0.0564054660538085,0.00471908122629199,0.921070530220491,0.0725915266688688,0.0063379431106403,0.921070530220491,0.0690721305401726,0.00985733923933648,0.921070530220491,0.0720002775793607,0.00692919220014837
"2",0.926622531494496,0.0635737395447948,0.00980372896070907,0.908817608995087,0.085182360195756,0.00600003080915654,0.926622531494496,0.0691620188228061,0.00421544968269778,0.878610482733676,0.112063205864821,0.00932631140150279,0.908817608995087,0.0702592632325155,0.020923127772397,0.908817608995087,0.0292014460023564,0.0619809450025562,0.926622531494496,0.0550521894835136,0.0183252790219903,0.91046308652425,0.058316103926937,0.0312208095488133,0.933944528329147,0.0516462968494834,0.0144091748213695,0.908817608995087,0.0687048152688513,0.0224775757360613,0.926622531494496,0.0564121497541429,0.016965318751361,0.918644116637847,0.0556890021295785,0.0256668812325746,0.926622531494496,0.051858278421105,0.0215191900843988,0.926622531494496,0.0667804515021075,0.00659701700339637,0.908817608995087,0.0848788100866597,0.0063035809182528,0.926622531494496,0.0732297016580369,0.000147766847467009,0.908817608995087,-0.0130169449335499,0.104199335938462,0.929537042270866,0.0554602775008348,0.0150026802282993,0.878243501325421,0.0713961731277312,0.0503603255468478,0.854554749444444,0.107515024168536,0.0379302263870202,0.908817608995087,0.0885375190672149,0.00264487193769761,0.926622531494496,0.0732800470757509,9.74214297529706e-05,0.908817608995087,0.0775960882448952,0.0135863027600174,0.908817608995087,0.0809818420120248,0.0102005489928878,0.908817608995087,-0.0779418272716854,0.169124218276598,0.908817608995087,0.0859190754944891,0.00526331551042343,0.855607758567883,-0.00668237617801318,0.15107461761013,0.908817608995087,0.0862193563282815,0.00496303467663107,0.908817608995087,0.0831221883318783,0.00806020267303422,0.926622531494496,0.0596140945519438,0.0137633739535601,0.908817608995087,0.0876487721020418,0.00353361890287076,0.876766911278226,0.0952562385515196,0.027976850170254,0.908817608995087,0.0554127392697626,0.03576965173515,0.908817608995087,0.0822237550926899,0.00895863591222265,0.92594806998605,0.0680041005479511,0.00604782946599885,0.926622531494496,0.0668510053470947,0.0065264631584092,0.908817608995087,0.0827850298916516,0.00839736111326094,0.908817608995087,0.078148322118057,0.0130340688868555,0.908817608995087,0.0820047682957815,0.00917762270913104
"3",0.90452468580353,0.0842996217812703,0.0111756924151994,0.886719763304122,0.10671411081702,0.00656612587885845,0.90452468580353,0.0906504641475845,0.00482485004888521,0.85651263704271,0.132291063938304,0.011196299018986,0.886719763304122,0.0906253802950983,0.02265485640078,0.886719763304122,0.048115860993211,0.0651643757026674,0.90452468580353,0.0747158858136621,0.0207594283828076,0.888365240833284,0.0840810514077226,0.0275537077589936,0.911846682638181,0.0709621159560114,0.0171912014058073,0.886719763304122,0.0889692768670223,0.0243109598288561,0.90452468580353,0.0762359081972431,0.0192394059992266,0.896546270946881,0.0769153884942092,0.0265383405589097,0.90452468580353,0.0711520800839481,0.0243232341125216,0.90452468580353,0.0879376114579134,0.00753770273855635,0.90452468580353,0.0884000353817977,0.00707527881467196,0.90452468580353,0.0953056873959746,0.000169626800495106,0.886719763304122,0.00702430329725505,0.106255933398623,0.9074391965799,0.0780087949185114,0.0145520085015885,0.856145655634455,0.0935528532275116,0.0503014911380333,0.832456903753478,0.129493155926634,0.0380499403198878,0.886719763304122,0.110378903405407,0.00290133329047173,0.90452468580353,0.0953634765383383,0.000111837658131394,0.886719763304122,0.0984922366441968,0.0147880000516816,0.886719763304122,0.102150630073675,0.0111296066222032,0.886719763304122,-0.0511613595676038,0.164441596263482,0.886719763304122,0.10751731210873,0.00576292458714838,0.833509912876917,0.0408347001753001,0.125655386947783,0.886719763304122,0.107844934614147,0.0054353020817311,0.886719763304122,0.104472496807699,0.0088077398881798,0.90452468580353,0.0798307888479893,0.0156445253484804,0.886719763304122,0.109406429650955,0.00387380704492387,0.854669065587261,0.116521931753267,0.0288090026594723,0.886719763304122,0.0749590163028629,0.0383212203930155,0.886719763304122,0.103497002516354,0.00978323417952467,0.903850224295084,0.0889824114252835,0.00716736427963224,0.90452468580353,0.0880178449348894,0.00745746926158028,0.886719763304122,0.104106272442244,0.00917396425363469,0.886719763304122,0.0990877281815304,0.014192508514348,0.886719763304122,0.103259422584714,0.0100208141111645
"4",0.893298445419722,0.0950545125572353,0.0116470420230425,0.875493522920314,0.117933916418927,0.0065725606607596,0.908621820388238,0.0860742872473684,0.00530389236439325,0.845286396658902,0.142415205602104,0.0122983977389938,0.875493522920314,0.102161932524094,0.0223445445555927,0.875493522920314,0.0627570790287853,0.0617493980509011,0.893298445419722,0.0852575678669442,0.0214439867133335,0.877139000449476,0.100785923067142,0.0220750764833827,0.918425364753782,0.0623614921540795,0.0192131430921387,0.875493522920314,0.100565211299019,0.0239412657806677,0.908621820388238,0.0705166573721922,0.0208615222395695,0.885320030563073,0.0897214354506416,0.0249585339862854,0.893298445419722,0.0816565375754381,0.0250450170048397,0.893298445419722,0.0988198237838993,0.00788173079637848,0.893298445419722,0.0993011580725066,0.00740039650777116,0.893298445419722,0.106522994373867,0.000178560206410678,0.875493522920314,0.027799292123912,0.0967071849557744,0.896212956196092,0.0909256513415771,0.0128613924623309,0.844919415250647,0.109637249245093,0.0454433355042595,0.82123066336967,0.144150115518702,0.0346192211116283,0.875493522920314,0.121592589598764,0.00291388748092284,0.893298445419722,0.106583820742216,0.000117733838061546,0.875493522920314,0.109814949516445,0.0146915275632414,0.875493522920314,0.113412326356223,0.0110941507234636,0.875493522920314,-0.0163522172453344,0.140858694325021,0.875493522920314,0.118733678146534,0.00577279893315282,0.822283672493109,0.0844525805040561,0.0932637470028347,0.875493522920314,0.119060235854376,0.00544624122531077,0.875493522920314,0.115708130786719,0.00879834629296701,0.893298445419722,0.0904637308013399,0.0162378237789378,0.875493522920314,0.120619349050221,0.00388712802946501,0.843442825203452,0.129588683423164,0.0269684913733834,0.875493522920314,0.087257098136818,0.0372493789428685,0.875493522920314,0.1147423880752,0.00976408900448647,0.892623983911276,0.0995969443189918,0.00777907176973201,0.893298445419722,0.0989031491575554,0.00779840542272236,0.875493522920314,0.115345363840973,0.00916111323871369,0.875493522920314,0.110398846221115,0.0141076308585714,0.875493522920314,0.114507446038832,0.00999903104085445
"5",0.898931950580561,0.0894430219028875,0.0116250275165518,0.865803653112636,0.1281806124616,0.00601573442576393,0.898931950580561,0.0955455484816163,0.00552250093782297,0.835596526851224,0.152062861831036,0.0123406113177395,0.865803653112636,0.114107995060357,0.0200883518270071,0.865803653112636,0.081255136655263,0.0529412102321009,0.883608575612045,0.0961981316016459,0.0201932927863094,0.867449130641798,0.116422792212944,0.0161280771452573,0.908735494946104,0.0713208485987874,0.0199436564551083,0.865803653112636,0.112712171719147,0.0214841751682172,0.898931950580561,0.0797269353184262,0.021341114101013,0.875630160755395,0.102982286537433,0.0213875527071719,0.883608575612045,0.0929007025752073,0.023490721812748,0.883608575612045,0.108856287518115,0.00753513686983992,0.883608575612045,0.109313560069647,0.00707786431830875,0.883608575612045,0.116219277236018,0.000172147151937209,0.865803653112636,0.0550354370774345,0.0791609098099294,0.886523086388414,0.103098295635119,0.0103786179764664,0.835229545442969,0.127488288837509,0.037282165719522,0.811540793561992,0.159803792103523,0.0286554143344849,0.865803653112636,0.131518417606807,0.00267792928055701,0.898931950580561,0.100948986091949,0.000119063327490629,0.865803653112636,0.120872031244626,0.0133243156427384,0.865803653112636,0.124093558369554,0.0101027885178101,0.865803653112636,0.0263728672918412,0.107823479595523,0.865803653112636,0.128907890798949,0.00528845608841504,0.812593802685432,0.124728612994866,0.0626775843197028,0.865803653112636,0.12920522955312,0.00499111733424357,0.865803653112636,0.126163470432999,0.008032876454365,0.883608575612045,0.101010241338568,0.0153811830493876,0.865803653112636,0.130627853621271,0.00356849326609276,0.833752955395775,0.143252169589037,0.0229948750151876,0.865803653112636,0.101287813991308,0.0329085328960561,0.865803653112636,0.125291426786407,0.00890492010095714,0.900739036603007,0.0913411530860734,0.00791981031091935,0.898931950580561,0.0932500059386626,0.00781804348077662,0.865803653112636,0.125835674889151,0.00836067199821273,0.865803653112636,0.121393102337596,0.0128032445497677,0.865803653112636,0.12507957008378,0.00911677680358402
"6",0.891317773401972,0.0976035465096492,0.0110786800883787,0.858189475934047,0.136736256223786,0.00507426784216684,0.891317773401972,0.103372583147606,0.00530964345042193,0.827982349672636,0.160605403283773,0.0114122470435912,0.858189475934047,0.125207927926731,0.0166025961392215,0.858189475934047,0.100302635362756,0.0415078887031964,0.875994398433456,0.106518174649237,0.0174874269173071,0.85983495346321,0.129346952710033,0.0108180938267578,0.901121317767516,0.0798235183636829,0.0190551638688014,0.858189475934047,0.124091264013637,0.0177192600523151,0.891317773401972,0.088594895323174,0.0200873312748538,0.868015983576807,0.115145007052436,0.0168390093707573,0.891317773401972,0.0874705163717088,0.021211710226319,0.891317773401972,0.101719201899121,0.00696302469890707,0.875994398433456,0.117764303631718,0.00624129793482618,0.875994398433456,0.123852374277605,0.000153227288939037,0.858189475934047,0.0827606946974993,0.0590498293684532,0.878908909209826,0.113390339282746,0.00770075150742814,0.827615368264381,0.144346074223776,0.0280385575118431,0.803926616383404,0.174306027069704,0.0217673565468921,0.858189475934047,0.13954109165308,0.0022694324128723,0.891317773401972,0.108566943763464,0.000115282834564297,0.858189475934047,0.130688320626206,0.0111222034397461,0.858189475934047,0.133338193513,0.00847233055295293,0.858189475934047,0.0667908528563499,0.0750196712096026,0.858189475934047,0.137345140827488,0.004465383238465,0.804979625506843,0.156418084946804,0.0386022895463531,0.858189475934047,0.137594440022579,0.00421608404337346,0.858189475934047,0.135054125994682,0.00675639807127062,0.875994398433456,0.110594351512173,0.0134112500543713,0.858189475934047,0.138790135499892,0.00302038856606019,0.826138778217186,0.155851499624413,0.0180097221584004,0.858189475934047,0.11514035235467,0.0266701717112824,0.858189475934047,0.134329948133671,0.00748057593228141,0.893124859424419,0.0992940655623743,0.00758107501320708,0.891317773401972,0.101191938917781,0.00749028768024673,0.858189475934047,0.134781696788429,0.00702882727752386,0.858189475934047,0.131115207288514,0.0106953167774382,0.858189475934047,0.134154291914257,0.00765623215169535
"7",0.887497138427871,0.10184703693696,0.0106558246351687,0.854368840959947,0.14130706351962,0.00432409552043353,0.887497138427871,0.107341719857927,0.00516114171420163,0.841966637197944,0.14711166069297,0.0109217021090861,0.872173763459355,0.113656307465847,0.0141699290747976,0.854368840959947,0.113061356559943,0.0325698024801105,0.887497138427871,0.0965248072888617,0.015978054283267,0.856014318489109,0.13667466421475,0.00731101729614081,0.897300682793415,0.0843665651510412,0.018332752055544,0.872173763459355,0.112739872856155,0.0150863636844898,0.887497138427871,0.0934706742539878,0.0190321873181409,0.864195348602706,0.122454170821043,0.0133504805762513,0.887497138427871,0.0925250752773943,0.0199777862947344,0.887497138427871,0.105761246792264,0.00674161477986434,0.872173763459355,0.122266290917902,0.00555994562274242,0.872173763459355,0.127688223362043,0.000138013178601931,0.854368840959947,0.101742469164559,0.0438886898754946,0.892893196735134,0.101195314652349,0.00591148861251782,0.82379473329028,0.155031154609062,0.0211741121006582,0.800105981409303,0.183265189662086,0.0166288289286107,0.854368840959947,0.143686726637524,0.00194443240252928,0.887497138427871,0.112389837055886,0.000113024516243228,0.854368840959947,0.136266630907857,0.00936452813219644,0.854368840959947,0.138459581888828,0.00717157715122496,0.854368840959947,0.0938310533067085,0.0518001057333449,0.854368840959947,0.141821420273639,0.00380973876641491,0.801158990532742,0.175037732795144,0.023803276672114,0.854368840959947,0.142032374757199,0.00359878428285396,0.854368840959947,0.139892574131879,0.0057385849081744,0.887497138427871,0.100147889486921,0.0123549720852074,0.854368840959947,0.143047040848874,0.00258411819117958,0.822318143243085,0.16348225379132,0.0141996029655947,0.854368840959947,0.123917145179283,0.0217140138607706,0.854368840959947,0.139286576780227,0.00634458225982636,0.889304224450318,0.103364110910254,0.00733166463942853,0.887497138427871,0.105252396301189,0.00725046527093943,0.854368840959947,0.139664393485591,0.00596676555446232,0.854368840959947,0.136618252851432,0.0090129061886211,0.854368840959947,0.139139856345124,0.00649130269492933
"8",0.883672704839026,0.105616912442556,0.0107103827184184,0.850544407371101,0.14559211833501,0.00386347429388898,0.883672704839026,0.111075128393673,0.00525216676730157,0.838142203609098,0.150722906889082,0.0111348895018204,0.86834932987051,0.118761386056677,0.0128892840728131,0.850544407371101,0.122901202842178,0.0265543897867213,0.883672704839026,0.100533644420018,0.015793650740956,0.852189884900263,0.142626137599523,0.00518397750021429,0.893476249204569,0.0881406150263115,0.0183831357691192,0.86834932987051,0.117965371036937,0.0136852990925535,0.883672704839026,0.0975346319572169,0.0187926632037574,0.86037091501386,0.128558221331529,0.0110708636546103,0.883672704839026,0.0967263930557699,0.0196009021052044,0.883672704839026,0.109497566293165,0.00682972886780975,0.883672704839026,0.110887337408118,0.00543995775285585,0.883672704839026,0.116190463545241,0.000136831615733721,0.850544407371101,0.115697063569624,0.0337585290592755,0.889068763146288,0.106072368334397,0.00485886851931514,0.819970299701434,0.163345462804619,0.016684237493947,0.796281547820457,0.190443374677271,0.0132750775022721,0.850544407371101,0.147707554187053,0.00174803844184549,0.883672704839026,0.116211092600214,0.000116202560760119,0.850544407371101,0.141201715932882,0.00825387669601649,0.850544407371101,0.143096407680785,0.00635918494811414,0.850544407371101,0.112573304297069,0.0368822883318296,0.850544407371101,0.146047102044729,0.00340849058416986,0.797334556943897,0.187377793652559,0.0152876494035443,0.850544407371101,0.146234068837871,0.00322152379102751,0.850544407371101,0.144347441776339,0.00510815085256018,0.883672704839026,0.103997456578088,0.0123298385828859,0.850544407371101,0.147136286610648,0.00231930601825052,0.81849370965424,0.169799413799257,0.011706876546503,0.850544407371101,0.131020993597962,0.0184345990309368,0.850544407371101,0.143817162429771,0.00563843019912751,0.885479790861472,0.107102300721283,0.00741790841724502,0.883672704839026,0.108984840243759,0.00734245491721559,0.850544407371101,0.144147561351472,0.00530803127742714,0.850544407371101,0.141503875989393,0.00795171663950569,0.850544407371101,0.14368904461521,0.00576654801368864
"9",0.890860618622768,0.0990668779221468,0.0100725034550856,0.857732321154843,0.139031073165912,0.00323660567924523,0.890860618622768,0.104134498749308,0.00500488262792397,0.84533011739284,0.144050520565603,0.0106193620415576,0.875537243654251,0.11348060530407,0.0109821510416789,0.857732321154843,0.121968355445024,0.0202993234001333,0.890860618622768,0.0945393404808009,0.0146000408964315,0.859377798684005,0.137166208607661,0.00345599270833423,0.900664162988311,0.0821124629606272,0.0172233740510618,0.875537243654251,0.112834787667525,0.0116279686782231,0.890860618622768,0.0917979407221314,0.017341440655101,0.867558828797602,0.123829461128751,0.00861171007364633,0.890860618622768,0.0911649313190041,0.0179744500582284,0.890860618622768,0.102661619679112,0.00647776169812064,0.890860618622768,0.103971715404816,0.00516766597241652,0.890860618622768,0.109007551515581,0.000131829861651937,0.875537243654251,0.0995250538118126,0.024937702533936,0.89625667693003,0.0999954003615368,0.00374792270843337,0.827158213485176,0.160498832956163,0.0123429535586608,0.803469461604199,0.186583028037093,0.00994751035870824,0.857732321154843,0.140794005967313,0.00147367287784446,0.890860618622768,0.109027415596585,0.000111965780647785,0.857732321154843,0.135448205519604,0.00681947332555287,0.857732321154843,0.136981379590037,0.00528629925511998,0.857732321154843,0.11751531081962,0.0247523680255374,0.857732321154843,0.139408304552817,0.00285937429234033,0.804522470727638,0.186196366737855,0.0092811625345065,0.857732321154843,0.139563631403322,0.00270404744183481,0.857732321154843,0.138004655460381,0.00426302338477614,0.890860618622768,0.0976270452933952,0.0115123360838372,0.857732321154843,0.140315686630176,0.0019519922149816,0.825681623437982,0.165263954781691,0.00905442178032766,0.857732321154843,0.127600235290647,0.01466744355451,0.857732321154843,0.13756987609669,0.00469780274846725,0.892667704645214,0.100306737677574,0.00702555767721222,0.890860618622768,0.102178754251174,0.00696062712605824,0.857732321154843,0.137840593936392,0.00442708490876535,0.857732321154843,0.135691341212378,0.00657633763277969,0.857732321154843,0.137465060067455,0.0048026187777021
"10",0.911417982795823,0.0788562209365643,0.00972579626761309,0.857675973769662,0.13976736099311,0.00255666523722806,0.911417982795823,0.0836756266712511,0.00490639053292623,0.845273770007659,0.145165452049875,0.00956077794246592,0.875480896269071,0.115697650208096,0.00882145352283318,0.875480896269071,0.109557310997499,0.0149617927334297,0.890804271237587,0.0964657314264568,0.0127299973359561,0.859321451298825,0.138513441340246,0.00216510736092903,0.900607815603131,0.0841799386396644,0.015212245757205,0.875480896269071,0.115205568767067,0.00931353496386185,0.911417982795823,0.0721978733991542,0.0163841438050231,0.867502481412422,0.126188364626243,0.00630915396133504,0.890804271237587,0.0936593194541578,0.0155364093082551,0.890804271237587,0.103392165830054,0.00580356293235895,0.890804271237587,0.104557289901563,0.00463843886085004,0.890804271237587,0.10907559907658,0.000120129685833016,0.875480896269071,0.106827295898609,0.0176918078323197,0.911523704513366,0.0856233092049534,0.00285298628168109,0.827101866099996,0.164298551861084,0.00859958203891986,0.803413114219019,0.1895678678999,0.00701901788108133,0.857675973769662,0.141152316576215,0.00117170965412311,0.890804271237587,0.109093689930925,0.000102038831488381,0.857675973769662,0.137013519229731,0.00531050700060643,0.857675973769662,0.138181469417692,0.00414255681264555,0.857675973769662,0.126628155817686,0.0156958704126513,0.857675973769662,0.140062131046742,0.00226189518359565,0.804466123342458,0.190218125061937,0.00531575159560533,0.857675973769662,0.140183757871252,0.00214026835908582,0.857675973769662,0.138969817350129,0.00335420888020826,0.890804271237587,0.099051652857126,0.0101440759052869,0.857675973769662,0.140774709284008,0.00154931694632991,0.825625276052801,0.167779396486527,0.00659532746067156,0.875480896269071,0.113257116332604,0.0112619873983255,0.857675973769662,0.138634017150396,0.00369000907994194,0.892611357260034,0.101104290234169,0.00628435250579738,0.911417982795823,0.0817988192863607,0.00678319791781663,0.857675973769662,0.138842960973751,0.00348106525658675,0.857675973769662,0.13719764326965,0.005126382960688,0.857675973769662,0.138553247242822,0.00377077898751553
"11",0.912590408165515,0.0765190632093915,0.0108905286250934,0.858848399139355,0.138946875698341,0.00220472516230368,0.912590408165515,0.0818158712394022,0.00559372059508271,0.846446195377352,0.144186913018774,0.00936689160387427,0.876653321638763,0.115639378890794,0.00770729947044305,0.876653321638763,0.111188358322011,0.0121583200392259,0.912590408165515,0.074315109805035,0.0130944820294499,0.878298799167926,0.120185510465243,0.00151569036683106,0.901780240972823,0.0836369267937392,0.0145828322334378,0.876653321638763,0.115235254734665,0.00811142362657165,0.912590408165515,0.069529149271419,0.0178804425630659,0.886479829281523,0.108363241971929,0.00515692874654787,0.912590408165515,0.0715976858066966,0.0158119060277883,0.912590408165515,0.0812411308832709,0.00616846095121406,0.89197669660728,0.103482819238382,0.00454048415433833,0.89197669660728,0.107903652859946,0.000119650532774006,0.876653321638763,0.109836945257165,0.0135097331040715,0.912696129883058,0.084841826982679,0.00246204313426303,0.846079213969097,0.147259994963787,0.00666079106711582,0.804585539588711,0.190030278548303,0.00538418186298609,0.858848399139355,0.14013375595153,0.00101784490911475,0.89197669660728,0.107921660163877,0.000101643228843811,0.858848399139355,0.13664454786908,0.0045070529915655,0.858848399139355,0.137611049296701,0.00354055156394371,0.858848399139355,0.130483246913663,0.0106683539469823,0.858848399139355,0.139197958563374,0.00195364229727152,0.80563854871215,0.191075417323956,0.00328603396389321,0.858848399139355,0.139301804636185,0.00184979622445972,0.858848399139355,0.138271852661193,0.00287974819945237,0.912590408165515,0.0768421106350018,0.0105674811994831,0.858848399139355,0.139808366437676,0.00134323442296882,0.826797701422494,0.167974792745313,0.00522750583219363,0.876653321638763,0.113773765132772,0.00957291322846415,0.858848399139355,0.137989579720227,0.0031620211404178,0.893783782629726,0.100089409827185,0.00612680754308938,0.912590408165515,0.0797305406886083,0.00767905114587662,0.876653321638763,0.120283695996751,0.00306298236448527,0.858848399139355,0.136795882559928,0.00435571830071682,0.858848399139355,0.137921860617709,0.00322974024293662
"12",0.916829635732039,0.0706495837972338,0.0125207804707269,0.863087626705879,0.134942900486991,0.00196947280713005,0.916829635732039,0.0766111719683775,0.00655919229958325,0.850685422943876,0.139857999476095,0.00945657758002864,0.896215924173804,0.0964989327301468,0.00728514309604951,0.896215924173804,0.0931388474157819,0.0106452284104145,0.916829635732039,0.0684442812657532,0.0147260830022075,0.897861401702966,0.100958412022104,0.00118018627493054,0.921342843507863,0.0635982639418951,0.0150588925502415,0.896215924173804,0.0961430567243627,0.00764101910183363,0.916829635732039,0.0631802303646085,0.0199901339033522,0.890719056848047,0.104828845142016,0.0044520980099374,0.916829635732039,0.0655962549367551,0.0175741093312057,0.916829635732039,0.0759809319047126,0.00718943236324818,0.896215924173804,0.0991961047496376,0.00458797107655874,0.896215924173804,0.103660899085787,0.000123176740409188,0.896215924173804,0.0927014559517846,0.0110826198744117,0.916935357449582,0.0808645817572007,0.00220006079321721,0.850318441535621,0.144234998383223,0.00544656008115582,0.808824767155235,0.186895154741158,0.00428007810360644,0.880892549205288,0.118167538699065,0.000939912095647131,0.916829635732039,0.0830563265062616,0.00011403776169914,0.863087626705879,0.132952501355135,0.00395987193898604,0.863087626705879,0.133778908937157,0.00313346435696422,0.863087626705879,0.129430522748129,0.00748185054599171,0.880892549205288,0.117314385712119,0.00179306508259369,0.809877776278675,0.188014198819895,0.00210802490143067,0.880892549205288,0.117408516758649,0.00169893403606317,0.863087626705879,0.134351716131627,0.00256065716249413,0.916829635732039,0.0711214496813551,0.0120489145866057,0.880892549205288,0.117869651676897,0.00123779911781561,0.831036928989018,0.164670578897915,0.00429249211306728,0.880892549205288,0.110704882054832,0.00840256873988088,0.863087626705879,0.13410629350411,0.00280607979001134,0.913346385164766,0.0801940783937479,0.00645953644148581,0.916829635732039,0.0742353721963395,0.00893499207162125,0.880892549205288,0.116261756019425,0.00284569477528748,0.863087626705879,0.133080958882598,0.00383141441152277,0.863087626705879,0.134047577229112,0.00286479606500938
"13",0.91746044541477,0.067811928204175,0.0147276263810547,0.881523358888019,0.116626147122235,0.00185049398974625,0.91746044541477,0.0746504832060185,0.00788907137921119,0.851316232626607,0.138910601410212,0.00977316596318046,0.896846733856535,0.0958524432342228,0.00730082290924236,0.896846733856535,0.0933106508849811,0.00984261525848414,0.91746044541477,0.0656174823378491,0.0169220722473806,0.898492211385697,0.100530679387759,0.000977109226544084,0.921973653190594,0.0615932517013343,0.0164330951080712,0.896846733856535,0.095523698900097,0.00762956724336821,0.91746044541477,0.0597477016363309,0.0227918529488988,0.891349866530778,0.104714814393873,0.00393531907534836,0.91746044541477,0.062605706925657,0.0199338476595727,0.91746044541477,0.073947865791003,0.00859168879422669,0.91746044541477,0.0773656654471197,0.00517388913810998,0.91746044541477,0.0823975959105835,0.000141958674646158,0.91746044541477,0.0722287470966797,0.0103108074885499,0.938179878690549,0.0596275615285121,0.00219255978093916,0.850949251218352,0.14449689224908,0.00455385653256775,0.809455576837966,0.187063774497034,0.00348064866499946,0.881523358888019,0.117568327090879,0.00090831402110189,0.91746044541477,0.0823996045786643,0.00013995000656535,0.86371843638861,0.132717234330718,0.00356432928067198,0.86371843638861,0.133439299261426,0.00284226434996413,0.86371843638861,0.13094109269363,0.00534047091775999,0.881523358888019,0.116755185504466,0.00172145560751527,0.810508585961406,0.188112412537407,0.00137900150118775,0.881523358888019,0.116844342400855,0.00163229871112627,0.86371843638861,0.13394727903075,0.00233428458063978,0.91746044541477,0.0684845768548226,0.0140549777304071,0.881523358888019,0.117283135615662,0.00119350549631929,0.831667738671749,0.164724732637349,0.00360752869090161,0.881523358888019,0.110936360499545,0.0075402806124364,0.86371843638861,0.133728922262021,0.00255264134936868,0.913977194847497,0.0787963179174688,0.00722648723503383,0.91746044541477,0.0718867347375806,0.010652819847649,0.881523358888019,0.115765631541131,0.00271100957085068,0.86371843638861,0.132828578238191,0.0034529853731988,0.86371843638861,0.133676837187754,0.002604726423636
"14",0.919578083006265,0.0597956119480527,0.0206263050456819,0.883640996479514,0.114223749034,0.0021352544864863,0.919578083006265,0.0690659754115331,0.0113559415822015,0.868757245186618,0.118591579564036,0.0126511752493457,0.919578083006265,0.0709277434152352,0.00949417357849941,0.919578083006265,0.0687860516043149,0.0116358653894197,0.919578083006265,0.0573446322557769,0.0230772847379577,0.921223560535428,0.0777199947007069,0.00105644476386547,0.944705002340325,0.0321761259355908,0.0231188717240842,0.919578083006265,0.070543843439313,0.00987807355442155,0.919578083006265,0.0496807179227053,0.0307411990710293,0.908790879090789,0.0868448281158352,0.00436429279337544,0.919578083006265,0.0536568900984722,0.0267650268952624,0.919578083006265,0.0681455933997576,0.012276323593977,0.919578083006265,0.072983440022557,0.0074384769711776,0.919578083006265,0.0802123214930418,0.000209595500692792,0.919578083006265,0.0685145228734163,0.0119073941203183,0.940297516282044,0.0569050813854758,0.00279740233248038,0.868390263778363,0.126862149762357,0.00474758645927939,0.811573214429461,0.185038728528373,0.00338805704216518,0.883640996479514,0.115300713947961,0.0010582895725252,0.919578083006265,0.0802152572830403,0.000206659710694279,0.865836073980105,0.130309318974657,0.00385460704523772,0.865836073980105,0.131062722816282,0.00310120320361327,0.865836073980105,0.129718517934499,0.00444540808539549,0.883640996479514,0.114368563563018,0.00199043995746866,0.830431146052309,0.168479977411534,0.00108887653615641,0.883640996479514,0.114470017856719,0.00188898566376738,0.865836073980105,0.131602245976847,0.00256168004304748,0.919578083006265,0.0609121118737772,0.0195098051199574,0.883640996479514,0.114972063092914,0.00138694042757177,0.833785376263244,0.162580198880677,0.00363442485607925,0.89896437144803,0.0925986645265835,0.00843696402538665,0.865836073980105,0.131369432447397,0.00279449357249742,0.916094832438992,0.0742233068239225,0.009681860737085,0.919578083006265,0.0652527814633613,0.0151691355303733,0.89896437144803,0.0977798364649322,0.00325579208703794,0.865836073980105,0.130424377915708,0.00373954810418684,0.865836073980105,0.131314095972941,0.00284983004695347
"15",0.920198595826778,0.0500155988332654,0.0297858053399562,0.899584884268543,0.0977105547053362,0.00270456102612095,0.920198595826778,0.0628860904905415,0.0169153136826801,0.889991469565367,0.0909370917129821,0.0190714387216511,0.920198595826778,0.0662208396174594,0.0135805645557622,0.920198595826778,0.0646969006694055,0.015104503503816,0.920198595826778,0.0473736457140236,0.032427758459198,0.921844073355941,0.0768816312474018,0.00127429539665767,0.945325515160838,0.0192986536814821,0.0353758311576799,0.920198595826778,0.0657365081755192,0.0140648959977024,0.920198595826778,0.0372076617653663,0.0425937424078552,0.930025103469538,0.0642864748687937,0.00568842166166849,0.920198595826778,0.0428213648674994,0.0369800393057222,0.920198595826778,0.0616552141270779,0.0181461900461436,0.920198595826778,0.0687161863495664,0.0110852178236552,0.920198595826778,0.0794797255233223,0.000321678649899311,0.920198595826778,0.0655464714177785,0.014254932755443,0.940918029102557,0.05536035908571,0.00372161181173317,0.889624488157112,0.104570906412501,0.00580460543038718,0.812193727249974,0.184340101716948,0.00346617103307806,0.899584884268543,0.0990607567064037,0.00135435902505337,0.920198595826778,0.0794841854114907,0.000317218761730887,0.866456586800618,0.12917343064044,0.00436998255894203,0.866456586800618,0.129995388601416,0.00354802459796587,0.866456586800618,0.129666409998613,0.00387700320076844,0.899584884268543,0.097888536786811,0.00252657894464613,0.846375033841338,0.152663511612955,0.000961454545706313,0.899584884268543,0.0980151024222541,0.00240001330920299,0.866456586800618,0.130595232282015,0.00294818091736695,0.920198595826778,0.0518613104819144,0.0279400936913072,0.899584884268543,0.0986451224213813,0.00176999331007576,0.834405889083757,0.161748768963108,0.00384534195313544,0.920198595826778,0.0687682630408872,0.0110331411323343,0.866456586800618,0.130335331709456,0.00320808148992614,0.937329056817741,0.048027364615642,0.0146435785666169,0.920198595826778,0.0574827500032572,0.0223186541699643,0.920198595826778,0.0752034262818652,0.00459797789135637,0.866456586800618,0.129297657628496,0.00424575557088566,0.866456586800618,0.130273788982535,0.00326962421684651
"16",0.921555006083188,0.0418125495560775,0.0366324443607342,0.921555006083188,0.0751496180495859,0.00329537586722578,0.921555006083188,0.0569369198090409,0.0215080741077708,0.891347879821777,0.0827200253935345,0.0259320947846888,0.921555006083188,0.0617903471538915,0.0166546467629202,0.921555006083188,0.0615175051197587,0.016927488797053,0.921555006083188,0.0395903194652867,0.038854674451525,0.923200483612351,0.075480603749514,0.00131891263813551,0.946681925417248,0.00721003229071955,0.0461080422920325,0.921555006083188,0.0612724292076522,0.0171725647091595,0.921555006083188,0.0282490674641399,0.0501959264526718,0.931381513725948,0.0618826775544672,0.00673580871958504,0.921555006083188,0.0348901607491435,0.0435548331676682,0.921555006083188,0.0555453351895508,0.0228996587272609,0.921555006083188,0.0643134329916649,0.0141315609251468,0.921555006083188,0.0780219167164446,0.000423077200367113,0.921555006083188,0.0636148890097119,0.0148301049070997,0.942274439358967,0.0534827522992691,0.00424280834176417,0.890980898413522,0.102551286150537,0.00646781543594146,0.831355060005793,0.165526631286263,0.00311830870794444,0.921555006083188,0.0767772204755592,0.0016677734412525,0.921555006083188,0.0780277259734335,0.000417267943378169,0.885617919556437,0.110036099336455,0.00434598110710845,0.885617919556437,0.110822776901093,0.00355930354247058,0.885617919556437,0.111357663079066,0.0030244173644974,0.921555006083188,0.0753597805709064,0.00308521334590531,0.868345155655984,0.130834461147546,0.000820383196470084,0.921555006083188,0.0755115478239195,0.00293344609289219,0.885617919556437,0.111407725877618,0.0029743545659451,0.921555006083188,0.0443218509824091,0.0341231429344026,0.921555006083188,0.0762716872760492,0.00217330664076253,0.853567221839576,0.142858688744077,0.0035740894163475,0.921555006083188,0.0653351944368708,0.0131097994799409,0.885617919556437,0.111153260996168,0.00322881944739557,0.938685467074151,0.0413212564209277,0.0199932765049214,0.921555006083188,0.0504428442433543,0.0280021496734574,0.921555006083188,0.0725598556247376,0.00588513829207411,0.885617919556437,0.110153755577637,0.00422832486592604,0.885617919556437,0.111093228457777,0.0032888519857865
